{
    "train_loss": [
        0.49790075109929455,
        0.35382082328504444,
        0.3262797824217349,
        0.3119761361881178,
        0.29583356380462644,
        0.2875136158417682,
        0.27649593328943056,
        0.2678236013650894,
        0.2638021418513084,
        0.25737920084778143,
        0.25382855663494186,
        0.2466063225512602,
        0.24168911364613746,
        0.2376940810437105,
        0.23116115218522598,
        0.22775567195853408,
        0.23075078166261012,
        0.224553266471746,
        0.2234713512780715,
        0.22253816225090806,
        0.22184646996916557,
        0.21960784471764858,
        0.21878381641543643,
        0.2175681750628413,
        0.2170148211109395
    ],
    "train_acc": [
        0.79,
        0.913469387755102,
        0.9327551020408164,
        0.9407142857142857,
        0.9529591836734694,
        0.9588775510204082,
        0.9657142857142857,
        0.9701020408163266,
        0.9711224489795919,
        0.976326530612245,
        0.9778571428571429,
        0.9812244897959184,
        0.9851020408163266,
        0.9868367346938776,
        0.9901020408163266,
        0.9927551020408163,
        0.9898979591836735,
        0.9939795918367347,
        0.9946938775510205,
        0.9948979591836735,
        0.9944897959183674,
        0.9963265306122449,
        0.9958163265306123,
        0.996938775510204,
        0.9974489795918368
    ],
    "val_loss": [
        0.7070089063644409,
        0.6046538343429565,
        0.5404541640281677,
        0.5312289307117463,
        0.5746547982692719,
        0.6401886096000672,
        0.5106593005657196,
        0.46119244647026064,
        0.5214577033519745,
        0.5453968367576599,
        0.6428370683193206,
        0.4664858455657959,
        0.541921578168869,
        0.493564249753952,
        0.42562563157081607,
        0.49493363285064695,
        0.47468284296989444,
        0.465576461315155,
        0.4731441571712494,
        0.4490722086429596,
        0.5163742020130158,
        0.5084800961017608,
        0.4303852679729462,
        0.47498162293434143,
        0.4736324055194855
    ],
    "val_acc": [
        0.711,
        0.7575,
        0.7995,
        0.798,
        0.7765,
        0.7635,
        0.825,
        0.8585,
        0.825,
        0.805,
        0.782,
        0.856,
        0.8235,
        0.8325,
        0.8695,
        0.8395,
        0.8515,
        0.856,
        0.8545,
        0.8645,
        0.8375,
        0.8375,
        0.868,
        0.852,
        0.852
    ],
    "lr": [
        1e-05,
        1e-05,
        1e-05,
        1e-05,
        1e-05,
        1e-05,
        1e-05,
        1e-05,
        1e-05,
        1e-05,
        1e-05,
        1e-05,
        1e-05,
        1e-05,
        5e-06,
        5e-06,
        5e-06,
        5e-06,
        5e-06,
        5e-06,
        5e-06,
        2.5e-06,
        2.5e-06,
        2.5e-06,
        2.5e-06
    ]
}