{
    "train_loss": [
        0.67664592154172,
        0.5369936307352416,
        0.4869528755363153,
        0.46456000315899754,
        0.4481284751454178,
        0.4370614769142501,
        0.42569740155521707,
        0.4309588464668819,
        0.4153621800456728,
        0.41874629570513355,
        0.4169619050317881,
        0.41273594391589263,
        0.41843996198809874,
        0.41786281363088257,
        0.41192884835661675,
        0.41250892905556424,
        0.4082754863099176,
        0.39829444168781747,
        0.40378350883114095,
        0.40957081303304554,
        0.4033760313355193,
        0.39961147965217125,
        0.3969340650037843,
        0.4020550520322761,
        0.4002210987709007,
        0.3824904071189919,
        0.39604164057848407,
        0.3931082706062161,
        0.39035446148745867,
        0.3955922162289522,
        0.39555746788881263,
        0.3925417442346106,
        0.38598150141385135,
        0.38342334563634833,
        0.394584159437491,
        0.39778367107011836,
        0.3796142814840589,
        0.38408972981024764,
        0.3873773152730903,
        0.38471496099111985,
        0.3846143868383096,
        0.3943957853560545,
        0.3867138640612972,
        0.38180580754669347,
        0.3766799838688909,
        0.3848544529992707,
        0.3808019407732146,
        0.3758475854202193,
        0.37800934961863925,
        0.3734133409967228,
        0.38139423454294397,
        0.3746279421144602,
        0.37511987691022913,
        0.38141675586603124,
        0.3713067631332242,
        0.3722206473350525,
        0.3684888564932103,
        0.37489418905608507,
        0.36729397406383435,
        0.37046076347633283
    ],
    "train_acc": [
        0.6123469387755102,
        0.7335714285714285,
        0.7653061224489796,
        0.7812244897959184,
        0.7908163265306123,
        0.7970408163265306,
        0.8077551020408164,
        0.8037755102040817,
        0.8083673469387755,
        0.8125510204081633,
        0.8114285714285714,
        0.815,
        0.8114285714285714,
        0.8091836734693878,
        0.8129591836734694,
        0.8107142857142857,
        0.8129591836734694,
        0.8205102040816327,
        0.8175510204081633,
        0.8161224489795919,
        0.8187755102040817,
        0.8230612244897959,
        0.8219387755102041,
        0.8187755102040817,
        0.826530612244898,
        0.828265306122449,
        0.8242857142857143,
        0.8245918367346938,
        0.823265306122449,
        0.8233673469387756,
        0.8209183673469388,
        0.8213265306122449,
        0.8263265306122449,
        0.8301020408163265,
        0.8228571428571428,
        0.8261224489795919,
        0.8288775510204082,
        0.8321428571428572,
        0.8279591836734694,
        0.8274489795918367,
        0.8286734693877551,
        0.8266326530612245,
        0.8307142857142857,
        0.8316326530612245,
        0.8308163265306122,
        0.8277551020408164,
        0.8330612244897959,
        0.8363265306122449,
        0.8306122448979592,
        0.8335714285714285,
        0.8304081632653061,
        0.8338775510204082,
        0.8341836734693877,
        0.8362244897959183,
        0.8389795918367347,
        0.8376530612244898,
        0.8381632653061224,
        0.8303061224489796,
        0.8364285714285714,
        0.8360204081632653
    ],
    "val_loss": [
        0.63462331366539,
        0.6262691366672516,
        0.6360436947345733,
        0.6179495769739151,
        0.6194455641508102,
        0.6155269362926483,
        0.5971725097894669,
        0.5894137781858444,
        0.5900502643585205,
        0.5966365901231766,
        0.5873938999176025,
        0.5920846756696702,
        0.5796920989751816,
        0.5924496637582779,
        0.5667292523384094,
        0.5840099910497666,
        0.5895562745332718,
        0.5830352450609207,
        0.5833898158073425,
        0.5778458988666535,
        0.5653078815937043,
        0.5707443113327026,
        0.5802000571489334,
        0.5736885349750519,
        0.5626739839315414,
        0.5771128911972045,
        0.5568921298980712,
        0.5691814758777618,
        0.5692528752088547,
        0.5864636548757554,
        0.5562418143749237,
        0.5559684370756149,
        0.5734316620826722,
        0.5936826015710831,
        0.585919025182724,
        0.5605975383520126,
        0.5752882800102234,
        0.5447666343450547,
        0.551544781923294,
        0.5422528332471848,
        0.5381145793795585,
        0.5651743369102478,
        0.5467759882807731,
        0.5370721797943115,
        0.5369095357656479,
        0.543034817814827,
        0.5368368849754334,
        0.5419773148298264,
        0.547004988193512,
        0.5597368267774582,
        0.5407193064689636,
        0.5558988188505173,
        0.526536931335926,
        0.5544439353942872,
        0.5607796802520751,
        0.5334293912649155,
        0.5306066457033157,
        0.5381625331640244,
        0.5336088440418243,
        0.5396487234830857
    ],
    "val_acc": [
        0.634,
        0.638,
        0.645,
        0.658,
        0.6605,
        0.665,
        0.676,
        0.6765,
        0.6805,
        0.675,
        0.683,
        0.6755,
        0.6855,
        0.68,
        0.695,
        0.689,
        0.6825,
        0.6865,
        0.6875,
        0.683,
        0.6925,
        0.694,
        0.6875,
        0.6945,
        0.6965,
        0.6935,
        0.6975,
        0.6925,
        0.6945,
        0.6845,
        0.699,
        0.6975,
        0.695,
        0.68,
        0.6825,
        0.6995,
        0.697,
        0.706,
        0.699,
        0.7065,
        0.712,
        0.6925,
        0.717,
        0.7125,
        0.715,
        0.709,
        0.7085,
        0.7105,
        0.708,
        0.701,
        0.7135,
        0.702,
        0.728,
        0.7055,
        0.703,
        0.723,
        0.7225,
        0.72,
        0.724,
        0.716
    ],
    "lr": [
        5e-05,
        5e-05,
        5e-05,
        5e-05,
        5e-05,
        5e-05,
        5e-05,
        5e-05,
        5e-05,
        5e-05,
        5e-05,
        5e-05,
        5e-05,
        5e-05,
        5e-05,
        5e-05,
        5e-05,
        5e-05,
        5e-05,
        5e-05,
        5e-05,
        5e-05,
        5e-05,
        5e-05,
        5e-05,
        5e-05,
        5e-05,
        5e-05,
        5e-05,
        5e-05,
        5e-05,
        5e-05,
        5e-05,
        5e-05,
        5e-05,
        5e-05,
        5e-05,
        5e-05,
        5e-05,
        5e-05,
        5e-05,
        5e-05,
        5e-05,
        5e-05,
        5e-05,
        5e-05,
        5e-05,
        5e-05,
        5e-05,
        5e-05,
        5e-05,
        5e-05,
        5e-05,
        5e-05,
        5e-05,
        5e-05,
        5e-05,
        5e-05,
        5e-05,
        2.5e-05
    ]
}