{
    "train_loss": [
        0.6318410624776568,
        0.523022228284758,
        0.4873184317715314,
        0.4763547292534186,
        0.47246128306096913,
        0.46564094509397236,
        0.4616238330335033,
        0.462830344389896,
        0.46054142908174167,
        0.45638336566029764,
        0.4584071664907494,
        0.4552254810625193,
        0.4507360747639014,
        0.4461160696525963,
        0.4470811178246323,
        0.449224139646608,
        0.44856954311837954,
        0.44751596122371906,
        0.44315754464694435,
        0.43517585350542654,
        0.44717156529426577,
        0.4325776686960337,
        0.43885789389512975,
        0.43607776736726567,
        0.43752136279125603,
        0.4362669873724178,
        0.43494666836699664,
        0.4391680929368856,
        0.4338914494611779,
        0.43049585546766006,
        0.433493391567347,
        0.4315689790005587,
        0.4340101732039938,
        0.43048494280601035,
        0.4230717804237288,
        0.4325302376552504,
        0.42660824928964886,
        0.4221959586776033,
        0.42018813123508375,
        0.4281790244336031
    ],
    "train_acc": [
        0.6577551020408163,
        0.7788775510204081,
        0.8076530612244898,
        0.8180612244897959,
        0.8211224489795919,
        0.8271428571428572,
        0.8326530612244898,
        0.8291836734693877,
        0.8326530612244898,
        0.8359183673469388,
        0.8292857142857143,
        0.8298979591836735,
        0.8354081632653061,
        0.8421428571428572,
        0.84,
        0.8355102040816327,
        0.8394897959183674,
        0.8416326530612245,
        0.841530612244898,
        0.8491836734693877,
        0.8395918367346938,
        0.85,
        0.848265306122449,
        0.8483673469387755,
        0.8451020408163266,
        0.8480612244897959,
        0.8520408163265306,
        0.8453061224489796,
        0.8506122448979592,
        0.8514285714285714,
        0.8507142857142858,
        0.8534693877551021,
        0.8479591836734693,
        0.8547959183673469,
        0.8597959183673469,
        0.8543877551020408,
        0.8576530612244898,
        0.8587755102040816,
        0.8628571428571429,
        0.8562244897959184
    ],
    "val_loss": [
        0.6489412734508514,
        0.6474864935874939,
        0.6502628765106201,
        0.6456030786037446,
        0.6155893588066101,
        0.638089008808136,
        0.6088303542137146,
        0.618189756155014,
        0.6138564376831055,
        0.6217935378551483,
        0.6033120543956757,
        0.6278926818370819,
        0.6138766467571258,
        0.6207554316520691,
        0.6171959183216095,
        0.6263646097183228,
        0.6004819524288177,
        0.629503027677536,
        0.6037920136451721,
        0.6221662430763245,
        0.5992156610488891,
        0.6161549220085144,
        0.59370117354393,
        0.618994946718216,
        0.6050229885578156,
        0.6184651148319245,
        0.6151143271923065,
        0.607829815864563,
        0.5842176461219788,
        0.5909113163948059,
        0.600128331899643,
        0.6189525208473206,
        0.6215640448331833,
        0.598102888584137,
        0.5874948732852936,
        0.6020035693645477,
        0.5919111039638519,
        0.6142898344993591,
        0.5919612069129944,
        0.5910963609218597
    ],
    "val_acc": [
        0.6285,
        0.6525,
        0.658,
        0.665,
        0.6815,
        0.6635,
        0.685,
        0.6745,
        0.674,
        0.673,
        0.687,
        0.672,
        0.6815,
        0.6815,
        0.682,
        0.6805,
        0.6875,
        0.681,
        0.691,
        0.6865,
        0.6975,
        0.691,
        0.698,
        0.6875,
        0.696,
        0.6935,
        0.694,
        0.6955,
        0.7075,
        0.712,
        0.6995,
        0.6955,
        0.6925,
        0.703,
        0.7115,
        0.702,
        0.7065,
        0.706,
        0.7105,
        0.7075
    ],
    "lr": [
        5e-05,
        5e-05,
        5e-05,
        5e-05,
        5e-05,
        5e-05,
        5e-05,
        5e-05,
        5e-05,
        5e-05,
        5e-05,
        5e-05,
        5e-05,
        5e-05,
        5e-05,
        5e-05,
        5e-05,
        5e-05,
        5e-05,
        5e-05,
        5e-05,
        5e-05,
        5e-05,
        5e-05,
        5e-05,
        5e-05,
        5e-05,
        5e-05,
        5e-05,
        5e-05,
        5e-05,
        5e-05,
        5e-05,
        5e-05,
        5e-05,
        2.5e-05,
        2.5e-05,
        2.5e-05,
        2.5e-05,
        2.5e-05
    ]
}