{
    "train_loss": [
        0.4152578557267481,
        0.3170413114586655,
        0.2942449999098875,
        0.2835331776190777,
        0.2718087142340991,
        0.2681030480715693,
        0.25492261348938455,
        0.2502533286444995,
        0.2466660595426754,
        0.23729434431815635,
        0.23520783715102137,
        0.22763169480829823,
        0.2258021577280395,
        0.22528309668813434,
        0.21889466915811812,
        0.2166026497860344,
        0.21719274919860218,
        0.21432201855036678,
        0.2123214045836001,
        0.21263074290995695,
        0.2122929749683458,
        0.21032843424349415,
        0.21002754133574816,
        0.21042789184317298,
        0.20972328487707645,
        0.2094515468879622,
        0.20962319763339296,
        0.20913257216920658
    ],
    "train_acc": [
        0.8615306122448979,
        0.9404081632653061,
        0.9526530612244898,
        0.96,
        0.9672448979591837,
        0.968469387755102,
        0.9788775510204082,
        0.9798979591836735,
        0.9814285714285714,
        0.9862244897959184,
        0.986734693877551,
        0.9912244897959184,
        0.9913265306122448,
        0.9918367346938776,
        0.9952040816326531,
        0.9960204081632653,
        0.9960204081632653,
        0.996938775510204,
        0.9981632653061224,
        0.9975510204081632,
        0.9978571428571429,
        0.9987755102040816,
        0.9985714285714286,
        0.9981632653061224,
        0.9984693877551021,
        0.9987755102040816,
        0.998265306122449,
        0.9985714285714286
    ],
    "val_loss": [
        0.6083406109809876,
        0.566302096605301,
        0.5707742147445679,
        0.5115791690349579,
        0.55899493765831,
        0.51960400557518,
        0.4782170736789703,
        0.5616746940612793,
        0.4813951551914215,
        0.5032632954120636,
        0.4605784578323364,
        0.5405081188678742,
        0.5370240697860718,
        0.48140482687950137,
        0.4957336134910583,
        0.515636826992035,
        0.4955030405521393,
        0.4678152334690094,
        0.46933560729026796,
        0.4772842946052551,
        0.428219003200531,
        0.45725560760498046,
        0.5005792872905731,
        0.5037530813217163,
        0.4274486312866211,
        0.4850218155384064,
        0.46302043175697327,
        0.43530225539207457
    ],
    "val_acc": [
        0.753,
        0.7735,
        0.7715,
        0.8075,
        0.78,
        0.806,
        0.8285,
        0.7975,
        0.838,
        0.827,
        0.848,
        0.8165,
        0.8205,
        0.835,
        0.8365,
        0.8285,
        0.843,
        0.8505,
        0.851,
        0.8455,
        0.8665,
        0.8525,
        0.836,
        0.837,
        0.866,
        0.845,
        0.8525,
        0.8615
    ],
    "lr": [
        1e-05,
        1e-05,
        1e-05,
        1e-05,
        1e-05,
        1e-05,
        1e-05,
        1e-05,
        1e-05,
        1e-05,
        1e-05,
        1e-05,
        1e-05,
        1e-05,
        1e-05,
        1e-05,
        1e-05,
        5e-06,
        5e-06,
        5e-06,
        5e-06,
        5e-06,
        5e-06,
        5e-06,
        5e-06,
        5e-06,
        5e-06,
        5e-06
    ]
}