{
    "train_loss": [
        0.42570821639406725,
        0.36045028721444156,
        0.3421821357805844,
        0.3270341535144019,
        0.32215009995496097,
        0.3133549026249615,
        0.30425404933004174,
        0.3026039038879284,
        0.30154149004222186,
        0.29433201431452677,
        0.29257868354646743,
        0.2918083646125232,
        0.28812626894581717,
        0.28513463558936303,
        0.28500778829073314,
        0.28336739025199764,
        0.28231901374565715,
        0.28235698557738015
    ],
    "train_acc": [
        0.8888508501654685,
        0.947164213169006,
        0.9574346684925253,
        0.9683898208376127,
        0.9699874472212713,
        0.9779755791395641,
        0.9826543421202785,
        0.9848225493552436,
        0.9861919433983796,
        0.9910989387196165,
        0.9910989387196165,
        0.9908707063790939,
        0.9941800753166724,
        0.9942941914869337,
        0.9946365399977177,
        0.995777701700331,
        0.9961200502111149,
        0.9962341663813763
    ],
    "val_loss": [
        0.4823404598246742,
        0.47158495272490186,
        0.49171406819343993,
        0.5276523518359816,
        0.5591744561252927,
        0.4603538178790079,
        0.456586362956409,
        0.4747684496984878,
        0.4938789942619467,
        0.5516464586603252,
        0.5137440524678919,
        0.46316825999817146,
        0.5026973310889652,
        0.483477612691742,
        0.45090831746253573,
        0.4893388359153383,
        0.45571639338507414,
        0.44884227707176055
    ],
    "val_acc": [
        0.8556101922217255,
        0.8685739830129638,
        0.853822083147072,
        0.8475637013857845,
        0.8421993741618239,
        0.8681269557443004,
        0.8801966919982119,
        0.8801966919982119,
        0.859633437639696,
        0.8345999105945463,
        0.8506928922664283,
        0.8775145283862316,
        0.8533750558784086,
        0.8600804649083594,
        0.8797496647295485,
        0.8609745194456861,
        0.8770675011175681,
        0.8775145283862316
    ],
    "lr": [
        5e-05,
        5e-05,
        5e-05,
        5e-05,
        5e-05,
        5e-05,
        5e-05,
        5e-05,
        5e-05,
        5e-05,
        5e-05,
        5e-05,
        5e-05,
        2.5e-05,
        2.5e-05,
        2.5e-05,
        2.5e-05,
        2.5e-05
    ]
}