{
    "train_loss": [
        0.6236041039350081,
        0.5426642205033984,
        0.5197008938205485,
        0.5133984265522081,
        0.5090327833866587,
        0.5023184455900777,
        0.5082201610292707,
        0.4962454166704295,
        0.4954164351249228,
        0.49652760330511597,
        0.4878313592745333,
        0.49425390725233115
    ],
    "train_acc": [
        0.6661224489795918,
        0.7561224489795918,
        0.7776530612244898,
        0.7842857142857143,
        0.7837755102040816,
        0.7936734693877551,
        0.7903061224489796,
        0.7968367346938775,
        0.8059183673469388,
        0.8004081632653062,
        0.8060204081632653,
        0.8036734693877551
    ],
    "val_loss": [
        0.6636472246646881,
        0.71881782746315,
        0.6850326354503632,
        0.7064348129034043,
        0.6639805779457092,
        0.6824781606197358,
        0.6570690338611602,
        0.6690326435565949,
        0.6577156133651734,
        0.6835944459438325,
        0.6616259865760803,
        0.6665012872219086
    ],
    "val_acc": [
        0.6375,
        0.639,
        0.6535,
        0.6465,
        0.662,
        0.66,
        0.669,
        0.664,
        0.6685,
        0.662,
        0.667,
        0.664
    ],
    "lr": [
        0.0001,
        0.0001,
        0.0001,
        0.0001,
        0.0001,
        5e-05,
        5e-05,
        5e-05,
        5e-05,
        5e-05,
        5e-05,
        2.5e-05
    ]
}