{
    "train_loss": [
        0.613098592660865,
        0.533101310535353,
        0.514835460088691,
        0.5140224735590876,
        0.5059731832329107,
        0.5044346322332109,
        0.4997124950983086,
        0.49767336310172566,
        0.49793062862084836,
        0.497796764130495,
        0.4970112255154824,
        0.4953538575464365,
        0.49439993790217807,
        0.4932443902930435,
        0.491462132152246,
        0.4927120232095524,
        0.49293813617862003,
        0.48221276487622944,
        0.48864324623224686,
        0.4849064357669986,
        0.48784241751748686,
        0.4836852877480643,
        0.48739323178116156,
        0.4807194963766604,
        0.48643214308485694,
        0.4817168245266895
    ],
    "train_acc": [
        0.6762244897959183,
        0.7659183673469387,
        0.7805102040816326,
        0.7894897959183673,
        0.7909183673469388,
        0.7923469387755102,
        0.7996938775510204,
        0.8,
        0.7954081632653062,
        0.7998979591836735,
        0.8,
        0.7968367346938775,
        0.8038775510204081,
        0.8016326530612244,
        0.8076530612244898,
        0.8021428571428572,
        0.805,
        0.811530612244898,
        0.8059183673469388,
        0.806734693877551,
        0.8045918367346939,
        0.8106122448979591,
        0.8072448979591836,
        0.8066326530612244,
        0.8031632653061225,
        0.8112244897959183
    ],
    "val_loss": [
        0.641888308763504,
        0.6714620246887207,
        0.7045459234714508,
        0.6615123810768128,
        0.6395373942852021,
        0.6729806282520294,
        0.6382386119365692,
        0.6710206298828125,
        0.6447572875022888,
        0.6426928005218506,
        0.6761026539802552,
        0.6338609886169434,
        0.6644713945388794,
        0.6312678878307343,
        0.6531335380077362,
        0.6407466669082642,
        0.6245942301750184,
        0.6393326313495636,
        0.6084932770729065,
        0.6534234118461609,
        0.6471925668716431,
        0.6866860710382462,
        0.6368518056869507,
        0.6293623490333558,
        0.6555191879272461,
        0.6315476629734039
    ],
    "val_acc": [
        0.6515,
        0.6575,
        0.6515,
        0.6675,
        0.677,
        0.6585,
        0.674,
        0.6625,
        0.6745,
        0.6805,
        0.665,
        0.6815,
        0.6705,
        0.685,
        0.6655,
        0.679,
        0.6855,
        0.6865,
        0.7005,
        0.676,
        0.6775,
        0.666,
        0.691,
        0.691,
        0.667,
        0.6855
    ],
    "lr": [
        0.0001,
        0.0001,
        0.0001,
        0.0001,
        0.0001,
        0.0001,
        0.0001,
        0.0001,
        0.0001,
        0.0001,
        0.0001,
        0.0001,
        0.0001,
        0.0001,
        0.0001,
        0.0001,
        0.0001,
        0.0001,
        0.0001,
        0.0001,
        0.0001,
        0.0001,
        0.0001,
        0.0001,
        0.0001,
        5e-05
    ]
}