{
  "train_loss": [
    0.2579585590215913,
    0.17727850123066266,
    0.1214113542170986,
    0.09286223544295502,
    0.08404615203980048,
    0.07045763385563356,
    0.05723575936676103,
    0.06267833650748315,
    0.05177248409136749,
    0.02194650045983415
  ],
  "train_acc": [
    0.8970408163265307,
    0.9324489795918367,
    0.953469387755102,
    0.9651020408163266,
    0.9704081632653061,
    0.9756122448979592,
    0.9795918367346939,
    0.9781632653061224,
    0.981734693877551,
    0.9927551020408163
  ],
  "val_loss": [
    0.42146160975890234,
    0.33470802630326946,
    0.36745023938937676,
    0.2974954741349793,
    0.2509695254313992,
    0.43518845805757156,
    0.44318189032648886,
    0.3853008455953641,
    0.3855262383762456,
    0.46163976316964406
  ],
  "val_acc": [
    0.8115,
    0.8515,
    0.8585,
    0.8915,
    0.892,
    0.8435,
    0.854,
    0.89,
    0.8585,
    0.8615
  ],
  "lr": [
    0.0001,
    0.0001,
    0.0001,
    0.0001,
    0.0001,
    0.0001,
    0.0001,
    0.0001,
    0.0001,
    5e-05
  ]
}