{
    "train_loss": [
        0.4944775718815473,
        0.35203209935402385,
        0.32527003903778234,
        0.3115895150145706,
        0.29624812710041903,
        0.2884304826600211,
        0.2778022730837063,
        0.2694340778613577,
        0.2659018038730232,
        0.25967256670095484,
        0.2566098163565811,
        0.249034635826033,
        0.24441632840098168,
        0.24057987130418115,
        0.2343321590764182,
        0.23134523902620588,
        0.2346526306502673,
        0.22833833616607044,
        0.22716130969475726,
        0.2263430830897117,
        0.22532672731243833,
        0.22357675377203493,
        0.2224490077154977,
        0.22108809327592654,
        0.22078927794281317,
        0.21952665635517665,
        0.21988535007651971,
        0.21863239496338124,
        0.2186048751947831,
        0.21810971640810675,
        0.2166775307120109,
        0.21872161196202647,
        0.21602762696694355,
        0.21681313629053076,
        0.21460504806771571,
        0.21561715729382575,
        0.2171636183651126,
        0.21521324247730023,
        0.21491326021904847,
        0.21573785684546645
    ],
    "train_acc": [
        0.7928571428571428,
        0.9142857142857143,
        0.933265306122449,
        0.9413265306122449,
        0.9540816326530612,
        0.9597959183673469,
        0.9660204081632653,
        0.97,
        0.9714285714285714,
        0.9760204081632653,
        0.975204081632653,
        0.9792857142857143,
        0.9837755102040816,
        0.9855102040816327,
        0.9887755102040816,
        0.9907142857142858,
        0.9885714285714285,
        0.9923469387755102,
        0.9933673469387755,
        0.9929591836734694,
        0.9929591836734694,
        0.9940816326530613,
        0.9947959183673469,
        0.9960204081632653,
        0.9952040816326531,
        0.9960204081632653,
        0.9947959183673469,
        0.9960204081632653,
        0.9958163265306123,
        0.9959183673469387,
        0.9974489795918368,
        0.9960204081632653,
        0.9976530612244898,
        0.9961224489795918,
        0.998265306122449,
        0.9979591836734694,
        0.9962244897959184,
        0.9975510204081632,
        0.9974489795918368,
        0.9965306122448979
    ],
    "val_loss": [
        0.7048611483573913,
        0.6039502778053284,
        0.5347017033100128,
        0.5266340034008026,
        0.565030160665512,
        0.6311266059875489,
        0.5004653565883637,
        0.4602841486930847,
        0.5310999929904938,
        0.5431630876064301,
        0.6349289903640747,
        0.46669994401931764,
        0.5442640304565429,
        0.5026947958469391,
        0.4336056995391846,
        0.49556117796897886,
        0.4885218143463135,
        0.47491586017608645,
        0.4879999496936798,
        0.45539120411872863,
        0.5151016254425049,
        0.5145555410385132,
        0.43219504284858706,
        0.4878221907615662,
        0.4885075843334198,
        0.5775797452926635,
        0.47658744382858276,
        0.5177144753932953,
        0.5345252020359039,
        0.4257712662220001,
        0.535488107919693,
        0.5178980777263641,
        0.4625564477443695,
        0.5000495059490204,
        0.46635549402236937,
        0.4809084985256195,
        0.48140093779563903,
        0.4651596903800964,
        0.46126930975914,
        0.4994681575298309
    ],
    "val_acc": [
        0.7125,
        0.7595,
        0.8,
        0.7995,
        0.779,
        0.764,
        0.829,
        0.856,
        0.818,
        0.805,
        0.78,
        0.8545,
        0.8195,
        0.832,
        0.867,
        0.8385,
        0.8445,
        0.857,
        0.8505,
        0.8685,
        0.841,
        0.838,
        0.8655,
        0.8455,
        0.8495,
        0.812,
        0.852,
        0.8365,
        0.828,
        0.874,
        0.828,
        0.8355,
        0.858,
        0.8425,
        0.851,
        0.8515,
        0.852,
        0.859,
        0.8585,
        0.8425
    ],
    "lr": [
        1e-05,
        1e-05,
        1e-05,
        1e-05,
        1e-05,
        1e-05,
        1e-05,
        1e-05,
        1e-05,
        1e-05,
        1e-05,
        1e-05,
        1e-05,
        1e-05,
        5e-06,
        5e-06,
        5e-06,
        5e-06,
        5e-06,
        5e-06,
        5e-06,
        2.5e-06,
        2.5e-06,
        2.5e-06,
        2.5e-06,
        2.5e-06,
        2.5e-06,
        2.5e-06,
        2.5e-06,
        1.25e-06,
        1.25e-06,
        1.25e-06,
        1.25e-06,
        1.25e-06,
        1.25e-06,
        1.25e-06,
        1e-06,
        1e-06,
        1e-06,
        1e-06
    ]
}