{
    "train_loss": [
        0.49344470892633713,
        0.3525423417772566,
        0.3265164126182089,
        0.3134324696842505,
        0.29918229224730514,
        0.2926779482802566,
        0.2826161889154084,
        0.27508857719752255,
        0.2726341048065497,
        0.26716742221190004,
        0.2656336026289025,
        0.25867287047055304,
        0.25456358620098657,
        0.2515360931474335,
        0.2452843807668102,
        0.2423491908092888,
        0.246269811367502,
        0.23983851253986357,
        0.23920036199141523,
        0.23747190553314831,
        0.23666658694646797,
        0.235706387587956,
        0.23492308460936254,
        0.232950944462601,
        0.2331058519227164,
        0.23131015957618245,
        0.23237550735473633,
        0.23021918437918837,
        0.2305240396820769,
        0.22970078906234428,
        0.22900338660697547,
        0.23127492666244506,
        0.22800657685922116,
        0.22835285563858188,
        0.22644270210849995,
        0.22724944905358918,
        0.22971937195378908,
        0.22701982552907904,
        0.2273418773558675,
        0.2276840367609141
    ],
    "train_acc": [
        0.7941836734693878,
        0.9156122448979592,
        0.9323469387755102,
        0.941734693877551,
        0.9521428571428572,
        0.9577551020408164,
        0.9647959183673469,
        0.9673469387755103,
        0.9683673469387755,
        0.9730612244897959,
        0.9703061224489796,
        0.9759183673469388,
        0.9790816326530613,
        0.9804081632653061,
        0.9841836734693877,
        0.9866326530612245,
        0.981734693877551,
        0.986734693877551,
        0.9872448979591837,
        0.9878571428571429,
        0.9878571428571429,
        0.9890816326530613,
        0.9884693877551021,
        0.9904081632653061,
        0.9894897959183674,
        0.9920408163265306,
        0.9907142857142858,
        0.9926530612244898,
        0.9921428571428571,
        0.9920408163265306,
        0.9934693877551021,
        0.99,
        0.9935714285714285,
        0.9924489795918368,
        0.9941836734693877,
        0.9937755102040816,
        0.9922448979591837,
        0.9935714285714285,
        0.9939795918367347,
        0.9935714285714285
    ],
    "val_loss": [
        0.7050016927719116,
        0.6042984209060669,
        0.5322542750835418,
        0.5250870747566223,
        0.556915467262268,
        0.6247555060386658,
        0.490276392698288,
        0.4557331163883209,
        0.5312117943763733,
        0.5291422190666198,
        0.621344892501831,
        0.47328360748291015,
        0.5337528541088105,
        0.5037966709136963,
        0.44642662405967715,
        0.4915832223892212,
        0.5025918843746185,
        0.48865118432044985,
        0.5001019747257233,
        0.4539878668785095,
        0.5307721335887909,
        0.5181419970989227,
        0.4379339644908905,
        0.49984225630760193,
        0.5061804919242859,
        0.5715030028820037,
        0.4917720241546631,
        0.5495510947704315,
        0.5608402307033539,
        0.43884743547439575,
        0.5423339974880218,
        0.5273236196041107,
        0.4772705864906311,
        0.5219042012691498,
        0.482547914981842,
        0.49051395058631897,
        0.48792553806304934,
        0.4785155999660492,
        0.486361407995224,
        0.5346419658660889
    ],
    "val_acc": [
        0.715,
        0.76,
        0.8,
        0.8015,
        0.7815,
        0.762,
        0.833,
        0.851,
        0.815,
        0.809,
        0.7785,
        0.8475,
        0.8245,
        0.83,
        0.8565,
        0.836,
        0.837,
        0.8415,
        0.8395,
        0.8645,
        0.8325,
        0.831,
        0.8695,
        0.8415,
        0.8435,
        0.8115,
        0.8445,
        0.821,
        0.8185,
        0.8725,
        0.822,
        0.832,
        0.853,
        0.835,
        0.8535,
        0.85,
        0.851,
        0.8555,
        0.8495,
        0.8285
    ],
    "lr": [
        1e-05,
        1e-05,
        1e-05,
        1e-05,
        1e-05,
        1e-05,
        1e-05,
        1e-05,
        1e-05,
        1e-05,
        1e-05,
        1e-05,
        1e-05,
        1e-05,
        5e-06,
        5e-06,
        5e-06,
        5e-06,
        5e-06,
        5e-06,
        5e-06,
        2.5e-06,
        2.5e-06,
        2.5e-06,
        2.5e-06,
        2.5e-06,
        2.5e-06,
        2.5e-06,
        2.5e-06,
        1.25e-06,
        1.25e-06,
        1.25e-06,
        1.25e-06,
        1.25e-06,
        1.25e-06,
        1e-06,
        1e-06,
        1e-06,
        1e-06,
        1e-06
    ]
}