{
    "train_loss": [
        0.4484994312208526,
        0.328304750919342,
        0.30612288589380227,
        0.2965718045404979,
        0.2869026002348686,
        0.28394686509151845,
        0.27342982727654125,
        0.27000470341468347,
        0.26891802495839645,
        0.26089427115965863,
        0.2611770676593391,
        0.2541411313718679,
        0.2515165784407635,
        0.2510792834661445,
        0.2433064928711677,
        0.23908720196509847,
        0.23828164568969182,
        0.23442617533158283,
        0.23155911542931382,
        0.23188437671077494,
        0.23198992762030388,
        0.22739023979829281,
        0.22692844561168127,
        0.22719895017390349,
        0.22677600972506465,
        0.22478765779612014,
        0.22424011381304995,
        0.2235003518571659,
        0.22463972692586937,
        0.22296509973856868,
        0.22191687562027756,
        0.2210615848521797
    ],
    "train_acc": [
        0.8412244897959184,
        0.9311224489795918,
        0.9425510204081633,
        0.9510204081632653,
        0.9579591836734694,
        0.9590816326530612,
        0.9677551020408163,
        0.9683673469387755,
        0.9693877551020408,
        0.9755102040816327,
        0.9727551020408163,
        0.9781632653061224,
        0.98,
        0.9807142857142858,
        0.9841836734693877,
        0.9845918367346939,
        0.9842857142857143,
        0.9872448979591837,
        0.9892857142857143,
        0.988265306122449,
        0.9874489795918368,
        0.9916326530612245,
        0.9916326530612245,
        0.9903061224489796,
        0.9913265306122448,
        0.9927551020408163,
        0.9929591836734694,
        0.9926530612244898,
        0.9931632653061224,
        0.9927551020408163,
        0.9939795918367347,
        0.9942857142857143
    ],
    "val_loss": [
        0.6366287436485291,
        0.5936498448848725,
        0.5927570505142212,
        0.5359369692802429,
        0.5480347995758057,
        0.5133392837047577,
        0.5073308148384095,
        0.5200759201049805,
        0.49341563510894776,
        0.5197605438232422,
        0.4781135039329529,
        0.5423519716262818,
        0.5140342836380005,
        0.49913065099716186,
        0.49246112823486327,
        0.5530626702308655,
        0.5307393405437469,
        0.4912848334312439,
        0.4844835848808289,
        0.5454395620822906,
        0.4686543283462524,
        0.5040101399421691,
        0.5304916486740112,
        0.5160454943180084,
        0.44876500725746155,
        0.49501468300819396,
        0.483600994348526,
        0.49116309475898745,
        0.5112890982627869,
        0.5002565793991088,
        0.4895495164394379,
        0.4950770924091339
    ],
    "val_acc": [
        0.719,
        0.7525,
        0.7625,
        0.79,
        0.7805,
        0.803,
        0.807,
        0.8035,
        0.813,
        0.8045,
        0.8295,
        0.796,
        0.8175,
        0.8185,
        0.827,
        0.8015,
        0.8115,
        0.8355,
        0.8415,
        0.811,
        0.848,
        0.8305,
        0.821,
        0.8255,
        0.8545,
        0.8395,
        0.847,
        0.8415,
        0.8285,
        0.8385,
        0.844,
        0.8385
    ],
    "lr": [
        5e-06,
        5e-06,
        5e-06,
        5e-06,
        5e-06,
        5e-06,
        5e-06,
        5e-06,
        5e-06,
        5e-06,
        5e-06,
        5e-06,
        5e-06,
        5e-06,
        5e-06,
        5e-06,
        5e-06,
        2.5e-06,
        2.5e-06,
        2.5e-06,
        2.5e-06,
        2.5e-06,
        2.5e-06,
        2.5e-06,
        2.5e-06,
        2.5e-06,
        2.5e-06,
        2.5e-06,
        2.5e-06,
        2.5e-06,
        2.5e-06,
        1.25e-06
    ]
}