{
    "train_loss": [
        0.4934515909759366,
        0.3525592897862804,
        0.326607809212743,
        0.3134759721950609,
        0.29924708303140135,
        0.292690935037574,
        0.28263380357197354,
        0.27510982801719586,
        0.27262697358520666,
        0.267247021100959,
        0.26570220969161207,
        0.2586721525386888,
        0.25455271872938895,
        0.25157722414756306,
        0.24549388221332005,
        0.24251509909727134,
        0.2463563492346783,
        0.2399428147442487,
        0.23919509245424855,
        0.23747760670525686,
        0.2366367717908353,
        0.2357590415039841,
        0.23494962006199116,
        0.23305733705053525,
        0.23314346851134787,
        0.23125594051516785,
        0.23246789017502142,
        0.23034617370488691,
        0.23056321718254869,
        0.22982609482444064,
        0.22907770876981773,
        0.23141098119774645,
        0.22803443645944402,
        0.2285137265069144,
        0.22650144640280276,
        0.2274332126306028,
        0.22986093661006615,
        0.22711333840477224,
        0.227388633501773,
        0.22781559897928821
    ],
    "train_acc": [
        0.7941836734693878,
        0.9148979591836734,
        0.9324489795918367,
        0.9411224489795919,
        0.951734693877551,
        0.9579591836734694,
        0.9643877551020408,
        0.9675510204081633,
        0.968265306122449,
        0.9730612244897959,
        0.9704081632653061,
        0.9759183673469388,
        0.9793877551020408,
        0.9805102040816327,
        0.9839795918367347,
        0.9863265306122448,
        0.9820408163265306,
        0.9865306122448979,
        0.9875510204081632,
        0.9878571428571429,
        0.9879591836734694,
        0.9889795918367347,
        0.9885714285714285,
        0.9907142857142858,
        0.9890816326530613,
        0.9915306122448979,
        0.9904081632653061,
        0.9927551020408163,
        0.9920408163265306,
        0.9923469387755102,
        0.993265306122449,
        0.9897959183673469,
        0.9937755102040816,
        0.9927551020408163,
        0.9942857142857143,
        0.9941836734693877,
        0.9918367346938776,
        0.9933673469387755,
        0.9941836734693877,
        0.9935714285714285
    ],
    "val_loss": [
        0.7051020712852478,
        0.6036754789352416,
        0.5326601159572601,
        0.5251418981552124,
        0.5578456740379334,
        0.6248274717330933,
        0.4905235483646393,
        0.45573892021179196,
        0.5335619809627533,
        0.5287520880699158,
        0.6206127669811249,
        0.47388875555992127,
        0.5367387292385102,
        0.5046670033931732,
        0.447209894657135,
        0.49237447476387025,
        0.5025434577465058,
        0.48814843845367434,
        0.50071262550354,
        0.4546615369319916,
        0.5310071861743927,
        0.5197879269123077,
        0.43835939931869505,
        0.5008541905879974,
        0.507811450958252,
        0.5729456241130829,
        0.4922697069644928,
        0.5501674122810364,
        0.5622778167724609,
        0.43950230169296267,
        0.5439255497455597,
        0.528735256433487,
        0.47852005290985106,
        0.5234805860519409,
        0.48366024470329283,
        0.49137392568588256,
        0.4889546310901642,
        0.48013548946380613,
        0.4878493142127991,
        0.536099259853363
    ],
    "val_acc": [
        0.7135,
        0.759,
        0.799,
        0.8,
        0.7815,
        0.761,
        0.83,
        0.851,
        0.813,
        0.8095,
        0.778,
        0.847,
        0.8225,
        0.8295,
        0.857,
        0.835,
        0.837,
        0.8425,
        0.8385,
        0.8635,
        0.833,
        0.831,
        0.8695,
        0.8395,
        0.8425,
        0.8105,
        0.844,
        0.821,
        0.818,
        0.872,
        0.822,
        0.8325,
        0.853,
        0.835,
        0.8535,
        0.848,
        0.851,
        0.8545,
        0.849,
        0.828
    ],
    "lr": [
        1e-05,
        1e-05,
        1e-05,
        1e-05,
        1e-05,
        1e-05,
        1e-05,
        1e-05,
        1e-05,
        1e-05,
        1e-05,
        1e-05,
        1e-05,
        1e-05,
        5e-06,
        5e-06,
        5e-06,
        5e-06,
        5e-06,
        5e-06,
        5e-06,
        2.5e-06,
        2.5e-06,
        2.5e-06,
        2.5e-06,
        2.5e-06,
        2.5e-06,
        2.5e-06,
        2.5e-06,
        1.25e-06,
        1.25e-06,
        1.25e-06,
        1.25e-06,
        1.25e-06,
        1.25e-06,
        1e-06,
        1e-06,
        1e-06,
        1e-06,
        1e-06
    ]
}