{
    "train_loss": [
        0.42646880402856946,
        0.39173858479577667,
        0.3736672994555259,
        0.3756010449662501,
        0.37231240605821414,
        0.36413204295294627,
        0.3637324020570638,
        0.3598068831404861,
        0.3546134768700113,
        0.3480285282037696,
        0.35113101093136534,
        0.34604710527828764,
        0.3454325520262426,
        0.3467886173725128,
        0.33795729532533764,
        0.34112051260714626,
        0.3370618650134729,
        0.3377918116170533,
        0.33616112665254244,
        0.33624898363132866,
        0.33719373946287196
    ],
    "train_acc": [
        0.8557142857142858,
        0.8826530612244898,
        0.8948979591836734,
        0.8952040816326531,
        0.8978571428571429,
        0.9039795918367347,
        0.9012244897959184,
        0.9077551020408163,
        0.9073469387755102,
        0.9186734693877551,
        0.9096938775510204,
        0.9172448979591836,
        0.9166326530612245,
        0.916734693877551,
        0.9221428571428572,
        0.9189795918367347,
        0.9229591836734694,
        0.9268367346938775,
        0.9198979591836735,
        0.923469387755102,
        0.9185714285714286
    ],
    "val_loss": [
        0.712238028049469,
        0.5687463674545288,
        0.6460276887416839,
        0.626950828552246,
        0.6233935053348542,
        0.5994389390945435,
        0.6089781274795533,
        0.689654274225235,
        0.5660324392318725,
        0.5818748407363892,
        0.6435628607273102,
        0.5996245036125183,
        0.5760560822486878,
        0.5246408767700196,
        0.567111768245697,
        0.6028984999656677,
        0.6543240401744842,
        0.5519696307182312,
        0.5791713988780975,
        0.6099728643894196,
        0.5413115074634552
    ],
    "val_acc": [
        0.7,
        0.7415,
        0.7145,
        0.718,
        0.7085,
        0.7345,
        0.74,
        0.699,
        0.7465,
        0.7515,
        0.72,
        0.744,
        0.7645,
        0.7825,
        0.7595,
        0.751,
        0.722,
        0.769,
        0.757,
        0.7425,
        0.779
    ],
    "lr": [
        0.001,
        0.001,
        0.001,
        0.001,
        0.001,
        0.001,
        0.001,
        0.001,
        0.0005,
        0.0005,
        0.0005,
        0.0005,
        0.0005,
        0.0005,
        0.0005,
        0.0005,
        0.0005,
        0.0005,
        0.0005,
        0.0005,
        0.00025
    ]
}