{
    "train_loss": [
        0.6452398463901209,
        0.558843493412952,
        0.5401611315960787,
        0.53216741479173,
        0.5226642760451959,
        0.5165131737747971,
        0.5135389274237108,
        0.5109192476223926,
        0.5153219117680374,
        0.5123000069540374
    ],
    "train_acc": [
        0.6433673469387755,
        0.7436734693877551,
        0.7584693877551021,
        0.7720408163265307,
        0.7768367346938776,
        0.783469387755102,
        0.7794897959183673,
        0.7885714285714286,
        0.7874489795918367,
        0.7862244897959184
    ],
    "val_loss": [
        0.634734872341156,
        0.6670864906311035,
        0.6831038722991943,
        0.6492817170619964,
        0.6363688845634461,
        0.6379745841026306,
        0.6479230201244355,
        0.6468919906616211,
        0.6547359011173248,
        0.6376400310993194
    ],
    "val_acc": [
        0.637,
        0.639,
        0.639,
        0.6565,
        0.671,
        0.664,
        0.658,
        0.668,
        0.662,
        0.6655
    ],
    "lr": [
        0.0001,
        0.0001,
        0.0001,
        0.0001,
        0.0001,
        5e-05,
        5e-05,
        5e-05,
        5e-05,
        2.5e-05
    ]
}