{
    "train_loss": [
        0.5244783353805542,
        0.40646878417657345,
        0.38341398132090665,
        0.371350441611543,
        0.3586831036392523,
        0.35238313762509094,
        0.34346032485669975,
        0.33668184319320993,
        0.3340328369821821,
        0.32874984884748654,
        0.32728557260669006,
        0.32071117566556345,
        0.3173458389846646,
        0.3146303817690635,
        0.3094023198984107,
        0.30695132878361914,
        0.3103099486535909,
        0.3047187438789679,
        0.3043748751465155,
        0.3026836183606362,
        0.30207914347551307,
        0.3011121987323372,
        0.3003217002810264,
        0.2987879403756589,
        0.29867223464712805,
        0.29708792917582455,
        0.2980660655303877,
        0.29606981905139224,
        0.29636523448691077,
        0.2956253621042991,
        0.29509162204606193,
        0.2970963420186724,
        0.2942130287326112,
        0.2944691955556675,
        0.2926754595065603,
        0.2934691080755117,
        0.29580675723601363,
        0.2932643910330169,
        0.29368896683868095,
        0.29379384590654956
    ],
    "train_acc": [
        0.7894897959183673,
        0.909795918367347,
        0.9294897959183673,
        0.9406122448979591,
        0.9504081632653061,
        0.9578571428571429,
        0.9627551020408164,
        0.9662244897959184,
        0.9667346938775511,
        0.9721428571428572,
        0.9696938775510204,
        0.9756122448979592,
        0.9778571428571429,
        0.9795918367346939,
        0.9834693877551021,
        0.9861224489795918,
        0.9814285714285714,
        0.9859183673469388,
        0.9868367346938776,
        0.986938775510204,
        0.9868367346938776,
        0.988265306122449,
        0.9876530612244898,
        0.9895918367346939,
        0.9885714285714285,
        0.9908163265306122,
        0.9894897959183674,
        0.9925510204081632,
        0.9914285714285714,
        0.9920408163265306,
        0.9931632653061224,
        0.9897959183673469,
        0.9933673469387755,
        0.9921428571428571,
        0.9936734693877551,
        0.9938775510204082,
        0.9916326530612245,
        0.9927551020408163,
        0.9937755102040816,
        0.9927551020408163
    ],
    "val_loss": [
        0.6884479236602783,
        0.5991263771057129,
        0.5470061802864075,
        0.5349894695281983,
        0.5631603803634644,
        0.6101076397895813,
        0.5113344688415528,
        0.4838700580596924,
        0.5442277112007141,
        0.5468232583999634,
        0.6157167239189147,
        0.49464594411849977,
        0.5427475037574768,
        0.5166474504470825,
        0.47106333255767824,
        0.507429988861084,
        0.5163408250808715,
        0.5056674184799195,
        0.5135058407783508,
        0.4773127474784851,
        0.5328756155967712,
        0.5247730603218078,
        0.46289485740661623,
        0.5118396182060242,
        0.5157393345832825,
        0.5688903727531434,
        0.5060276570320129,
        0.5514133014678955,
        0.559255702495575,
        0.4635069017410278,
        0.5459758286476135,
        0.5334420928955078,
        0.4950756239891052,
        0.5298663034439087,
        0.4998898930549622,
        0.5052094283103943,
        0.5046059651374817,
        0.49518882751464843,
        0.5020942072868347,
        0.540717396736145
    ],
    "val_acc": [
        0.713,
        0.754,
        0.795,
        0.7985,
        0.78,
        0.757,
        0.8225,
        0.85,
        0.811,
        0.8035,
        0.7765,
        0.8455,
        0.824,
        0.83,
        0.8535,
        0.8325,
        0.836,
        0.8395,
        0.8365,
        0.8595,
        0.832,
        0.829,
        0.8665,
        0.8365,
        0.838,
        0.812,
        0.842,
        0.8185,
        0.8155,
        0.8705,
        0.8215,
        0.8325,
        0.852,
        0.8325,
        0.8515,
        0.8465,
        0.8495,
        0.8525,
        0.848,
        0.8265
    ],
    "lr": [
        1e-05,
        1e-05,
        1e-05,
        1e-05,
        1e-05,
        1e-05,
        1e-05,
        1e-05,
        1e-05,
        1e-05,
        1e-05,
        1e-05,
        1e-05,
        1e-05,
        5e-06,
        5e-06,
        5e-06,
        5e-06,
        5e-06,
        5e-06,
        5e-06,
        2.5e-06,
        2.5e-06,
        2.5e-06,
        2.5e-06,
        2.5e-06,
        2.5e-06,
        2.5e-06,
        2.5e-06,
        1.25e-06,
        1.25e-06,
        1.25e-06,
        1.25e-06,
        1.25e-06,
        1.25e-06,
        1e-06,
        1e-06,
        1e-06,
        1e-06,
        1e-06
    ]
}