{
    "train_loss": [
        0.49008933067321775,
        0.34907322090499254,
        0.3205301232240638,
        0.304220809741896,
        0.2918324891401797,
        0.2876834451908968,
        0.27375146143290463,
        0.2663856446499727,
        0.2624040895092244,
        0.25269204728457395,
        0.2505874873788989,
        0.24280441765882532,
        0.24049124839354535,
        0.23831448666903438,
        0.23198030707787495,
        0.22811828815207189,
        0.22712091046936658,
        0.2231926906838709,
        0.22027490226589905,
        0.22054210258989917,
        0.21989372213276065,
        0.21689836151745853,
        0.21586851090801004,
        0.21665693032498262,
        0.21488052521433149,
        0.21450075212790043,
        0.21407723149474786,
        0.21252896603272886,
        0.21345103543631885,
        0.21315459919219115,
        0.21146290151440367
    ],
    "train_acc": [
        0.7924489795918367,
        0.9186734693877551,
        0.9362244897959183,
        0.9492857142857143,
        0.9581632653061225,
        0.958469387755102,
        0.9681632653061224,
        0.971530612244898,
        0.9730612244897959,
        0.9807142857142858,
        0.9796938775510204,
        0.9844897959183674,
        0.9856122448979592,
        0.9870408163265306,
        0.9906122448979592,
        0.9934693877551021,
        0.9937755102040816,
        0.9946938775510205,
        0.9966326530612245,
        0.9968367346938776,
        0.9959183673469387,
        0.9974489795918368,
        0.9978571428571429,
        0.9976530612244898,
        0.9976530612244898,
        0.9978571428571429,
        0.9976530612244898,
        0.9988775510204082,
        0.9981632653061224,
        0.9970408163265306,
        0.9984693877551021
    ],
    "val_loss": [
        0.6495495820045472,
        0.587839150428772,
        0.5705905139446259,
        0.517408765554428,
        0.5401137707233429,
        0.5086152460575104,
        0.46843708205223084,
        0.5048401901721954,
        0.47992686319351197,
        0.49519535779953006,
        0.4554172852039337,
        0.5321636934280396,
        0.49420954608917234,
        0.47871859788894655,
        0.4706489579677582,
        0.4985931084156036,
        0.48851922011375426,
        0.47111352109909055,
        0.45398431515693666,
        0.4976611495018005,
        0.431210232257843,
        0.46362535214424133,
        0.49356108403205873,
        0.48592840671539306,
        0.43066324281692503,
        0.4774692990779877,
        0.46047002148628235,
        0.43770254802703856,
        0.48042972493171693,
        0.4883412935733795,
        0.4720103554725647
    ],
    "val_acc": [
        0.7235,
        0.7565,
        0.767,
        0.7985,
        0.7815,
        0.8045,
        0.828,
        0.806,
        0.8345,
        0.821,
        0.8475,
        0.8125,
        0.836,
        0.8355,
        0.8395,
        0.834,
        0.834,
        0.8435,
        0.8525,
        0.832,
        0.863,
        0.8505,
        0.8365,
        0.8395,
        0.86,
        0.8475,
        0.8515,
        0.8615,
        0.832,
        0.83,
        0.8455
    ],
    "lr": [
        1e-05,
        1e-05,
        1e-05,
        1e-05,
        1e-05,
        1e-05,
        1e-05,
        1e-05,
        1e-05,
        1e-05,
        1e-05,
        1e-05,
        1e-05,
        1e-05,
        1e-05,
        1e-05,
        1e-05,
        5e-06,
        5e-06,
        5e-06,
        5e-06,
        5e-06,
        5e-06,
        5e-06,
        5e-06,
        5e-06,
        5e-06,
        5e-06,
        5e-06,
        5e-06,
        5e-06
    ]
}