{
    "train_loss": [
        0.6273170502088508,
        0.5244664931297303,
        0.49018820061975593,
        0.47194993218597103,
        0.4723564836930256,
        0.460300343912475,
        0.46753920426174084,
        0.45889928046537903,
        0.45688780954905917,
        0.45567677556251995,
        0.4504840147738554,
        0.451243399405966,
        0.45583207943001575,
        0.44800155941320924,
        0.4470538836109395,
        0.44439511632432743,
        0.4442674485031439,
        0.44759441271120187,
        0.44416034260574655,
        0.438599095149916,
        0.44102218374914054,
        0.43816757562209147,
        0.4420529740197318,
        0.440490072114127
    ],
    "train_acc": [
        0.6633673469387755,
        0.7762244897959184,
        0.806734693877551,
        0.8205102040816327,
        0.820204081632653,
        0.833265306122449,
        0.8242857142857143,
        0.8310204081632653,
        0.8303061224489796,
        0.8311224489795919,
        0.8411224489795919,
        0.8378571428571429,
        0.8337755102040816,
        0.8377551020408164,
        0.8387755102040816,
        0.843469387755102,
        0.840204081632653,
        0.8392857142857143,
        0.843265306122449,
        0.8492857142857143,
        0.8427551020408163,
        0.8477551020408163,
        0.8463265306122449,
        0.8447959183673469
    ],
    "val_loss": [
        0.6367747256755829,
        0.6425100634098053,
        0.6319273843765258,
        0.6242129244804382,
        0.6431117472648621,
        0.6559799311161041,
        0.6265031905174255,
        0.618319763660431,
        0.6247121160030364,
        0.609328250169754,
        0.6105648148059845,
        0.6339159736633301,
        0.6525757982730865,
        0.604274090051651,
        0.6275471243858337,
        0.6109056820869446,
        0.6181802935600281,
        0.6181479699611664,
        0.6235496690273284,
        0.6367382998466492,
        0.621365751504898,
        0.6284988431930542,
        0.6127275216579438,
        0.6199926221370697
    ],
    "val_acc": [
        0.646,
        0.656,
        0.6705,
        0.679,
        0.6685,
        0.664,
        0.6755,
        0.682,
        0.677,
        0.6905,
        0.684,
        0.6725,
        0.6715,
        0.691,
        0.6805,
        0.6825,
        0.682,
        0.685,
        0.6815,
        0.6785,
        0.6845,
        0.6875,
        0.69,
        0.687
    ],
    "lr": [
        5e-05,
        5e-05,
        5e-05,
        5e-05,
        5e-05,
        5e-05,
        5e-05,
        5e-05,
        5e-05,
        5e-05,
        5e-05,
        5e-05,
        5e-05,
        5e-05,
        5e-05,
        5e-05,
        5e-05,
        5e-05,
        5e-05,
        5e-05,
        2.5e-05,
        2.5e-05,
        2.5e-05,
        2.5e-05
    ]
}