{
    "train_loss": [
        0.48512200034394554,
        0.3884106107633941,
        0.36885918938383766,
        0.35895051768847874,
        0.34802355218906794,
        0.34191811104210057,
        0.33353531448208557,
        0.3280670481555316,
        0.3239739005662957,
        0.3190994271453546,
        0.3176343830750913,
        0.31224139247621807,
        0.3085164171822217,
        0.3062202471373033,
        0.3010685401789996,
        0.29920511868535254,
        0.30178004240503115,
        0.29727456674283864,
        0.29659384552313356,
        0.2957394605266805,
        0.2948779863484052,
        0.2944606703641463,
        0.2931079600781811,
        0.29242145222060534,
        0.2921649694442749,
        0.2908645981671859,
        0.2919042872896,
        0.2903660952558323,
        0.2907752892679098,
        0.2897052741537289,
        0.28920274666377477,
        0.2910984819762561,
        0.288446946144104,
        0.28894253988655244,
        0.2871595004626683,
        0.2883635939140709,
        0.2901040968846302,
        0.2878082742496413,
        0.2877172687588906,
        0.2884129285812378
    ],
    "train_acc": [
        0.8301020408163265,
        0.9239795918367347,
        0.9421428571428572,
        0.9490816326530612,
        0.9573469387755102,
        0.9618367346938775,
        0.9675510204081633,
        0.9689795918367347,
        0.9731632653061224,
        0.9766326530612245,
        0.9747959183673469,
        0.9789795918367347,
        0.9824489795918367,
        0.9838775510204082,
        0.986938775510204,
        0.9883673469387755,
        0.9858163265306122,
        0.9894897959183674,
        0.9905102040816327,
        0.9907142857142858,
        0.9912244897959184,
        0.9915306122448979,
        0.991734693877551,
        0.9925510204081632,
        0.991734693877551,
        0.993265306122449,
        0.9926530612244898,
        0.9937755102040816,
        0.9931632653061224,
        0.9936734693877551,
        0.995,
        0.9933673469387755,
        0.9956122448979592,
        0.9940816326530613,
        0.9961224489795918,
        0.9955102040816326,
        0.9931632653061224,
        0.9951020408163266,
        0.9953061224489796,
        0.9946938775510205
    ],
    "val_loss": [
        0.6699111194610595,
        0.5884314665794372,
        0.5426023440361023,
        0.5374193110466003,
        0.562381010055542,
        0.6180020694732666,
        0.5221520137786865,
        0.48226556062698367,
        0.5337365050315857,
        0.5537326169013977,
        0.6110009150505066,
        0.48359865379333494,
        0.5354317026138306,
        0.5013193182945251,
        0.4632734227180481,
        0.5035910711288453,
        0.5076403164863587,
        0.5010187335014343,
        0.5070214943885804,
        0.46953779220581054,
        0.5248742780685425,
        0.5203058528900146,
        0.45303614568710326,
        0.506501045703888,
        0.5094004964828491,
        0.5619910740852356,
        0.5040257287025451,
        0.5326655168533325,
        0.5536806268692016,
        0.4531651887893677,
        0.5392882018089294,
        0.5242065334320068,
        0.486019606590271,
        0.5182545266151428,
        0.4915120449066162,
        0.49781553316116334,
        0.4953976888656616,
        0.49080279207229616,
        0.49417626905441286,
        0.5298484110832214
    ],
    "val_acc": [
        0.733,
        0.766,
        0.8005,
        0.8015,
        0.7865,
        0.758,
        0.8285,
        0.855,
        0.823,
        0.8095,
        0.78,
        0.8515,
        0.826,
        0.835,
        0.864,
        0.843,
        0.84,
        0.844,
        0.8455,
        0.87,
        0.8375,
        0.8345,
        0.8705,
        0.8465,
        0.8455,
        0.8195,
        0.8495,
        0.831,
        0.8215,
        0.877,
        0.827,
        0.836,
        0.8575,
        0.84,
        0.8555,
        0.8515,
        0.853,
        0.8545,
        0.853,
        0.834
    ],
    "lr": [
        1e-05,
        1e-05,
        1e-05,
        1e-05,
        1e-05,
        1e-05,
        1e-05,
        1e-05,
        1e-05,
        1e-05,
        1e-05,
        1e-05,
        1e-05,
        1e-05,
        5e-06,
        5e-06,
        5e-06,
        5e-06,
        5e-06,
        5e-06,
        5e-06,
        2.5e-06,
        2.5e-06,
        2.5e-06,
        2.5e-06,
        2.5e-06,
        2.5e-06,
        2.5e-06,
        2.5e-06,
        1.25e-06,
        1.25e-06,
        1.25e-06,
        1.25e-06,
        1.25e-06,
        1.25e-06,
        1e-06,
        1e-06,
        1e-06,
        1e-06,
        1e-06
    ]
}