{
    "train_loss": [
        0.49633542017060883,
        0.3530679997132749,
        0.32434818000209575,
        0.30970149616805875,
        0.29722113886658025,
        0.29130957496409515,
        0.2786282563087892,
        0.270014536332111,
        0.2667626531026801,
        0.2571943136137359,
        0.25548421659031695,
        0.24809384949353278,
        0.24644814668869486,
        0.24117953594850033,
        0.23668423687925144,
        0.234168266106625,
        0.23410194182882504,
        0.23212381868946308,
        0.2296368592369313,
        0.22851682239649246,
        0.22884664540388147,
        0.22496478946841492,
        0.22465981814326072,
        0.2249677072252546,
        0.22454883118065036,
        0.22294770822233084,
        0.22293134402255624,
        0.22104653489832976,
        0.22249788766004602,
        0.2221389160837446,
        0.22173120546097658
    ],
    "train_acc": [
        0.7906122448979592,
        0.9142857142857143,
        0.9354081632653061,
        0.9441836734693878,
        0.9546938775510204,
        0.9572448979591837,
        0.9647959183673469,
        0.9695918367346938,
        0.9716326530612245,
        0.9783673469387755,
        0.9760204081632653,
        0.9829591836734693,
        0.9811224489795919,
        0.9844897959183674,
        0.9873469387755102,
        0.9888775510204082,
        0.9894897959183674,
        0.99,
        0.991734693877551,
        0.991938775510204,
        0.9921428571428571,
        0.9935714285714285,
        0.9935714285714285,
        0.9934693877551021,
        0.9937755102040816,
        0.9948979591836735,
        0.9939795918367347,
        0.9951020408163266,
        0.9942857142857143,
        0.9947959183673469,
        0.9939795918367347
    ],
    "val_loss": [
        0.6976649613380432,
        0.623417590379715,
        0.6010774676799774,
        0.5267023847103119,
        0.540411750793457,
        0.5508172092437744,
        0.4935741333961487,
        0.5472930641174316,
        0.5216934721469879,
        0.5201746907234192,
        0.5152829699516296,
        0.5362146337032319,
        0.5237527973651886,
        0.5095689520835877,
        0.5119885823726654,
        0.5679808647632599,
        0.5443428280353546,
        0.5145688834190368,
        0.49676312518119814,
        0.5452514107227325,
        0.4463158137798309,
        0.4835192971229553,
        0.5324390461444855,
        0.506236747264862,
        0.4629607901573181,
        0.48797349572181703,
        0.4824755370616913,
        0.4891216413974762,
        0.508988221168518,
        0.4842774043083191,
        0.47767901921272277
    ],
    "val_acc": [
        0.71,
        0.747,
        0.7655,
        0.796,
        0.792,
        0.787,
        0.819,
        0.8005,
        0.8205,
        0.8175,
        0.831,
        0.823,
        0.832,
        0.837,
        0.8335,
        0.8155,
        0.8205,
        0.841,
        0.846,
        0.8285,
        0.867,
        0.8545,
        0.832,
        0.84,
        0.857,
        0.8495,
        0.8505,
        0.849,
        0.841,
        0.8505,
        0.8485
    ],
    "lr": [
        1e-05,
        1e-05,
        1e-05,
        1e-05,
        1e-05,
        1e-05,
        1e-05,
        1e-05,
        1e-05,
        1e-05,
        1e-05,
        1e-05,
        1e-05,
        5e-06,
        5e-06,
        5e-06,
        5e-06,
        5e-06,
        5e-06,
        2.5e-06,
        2.5e-06,
        2.5e-06,
        2.5e-06,
        2.5e-06,
        2.5e-06,
        2.5e-06,
        2.5e-06,
        1.25e-06,
        1.25e-06,
        1.25e-06,
        1.25e-06
    ]
}